{
  "model": "RandomForestClassifier",
  "dataset": "Transformed data.csv",
  "split": {
    "test_size": 0.2,
    "random_state": 42,
    "stratify": true
  },
  "n_test": 684,
  "accuracy": 0.8260233918128655,
  "precision_pos": 0.6739130434782609,
  "recall_pos": 0.5568862275449101,
  "f1_pos": 0.6098360655737705,
  "confusion_matrix": [
    [
      472,
      45
    ],
    [
      74,
      93
    ]
  ]
}