antecedents,consequents,antecedent support,consequent support,support,confidence,lift,representativity,leverage,conviction,zhangs_metric,jaccard,certainty,kulczynski
"frozenset({'GWA_LOW', 'ATT_LOW'})",frozenset({'AT_RISK'}),0.1053864168618267,0.24355971896955503,0.07611241217798595,0.7222222222222222,2.9652777777777777,1.0,0.050444526103911064,2.7231850117096017,0.7408376963350786,0.2789699570815451,0.6327829377364982,0.5173611111111112
"frozenset({'GWA_LOW', 'LOW_SUBJECTS_2PLUS'})",frozenset({'AT_RISK'}),0.27546838407494145,0.24355971896955503,0.1680327868852459,0.6099893730074388,2.5044755987901577,1.0,0.10093978467495571,1.9395376143042196,0.8291078027663393,0.47873227689741443,0.484413195895283,0.6499466095806425
"frozenset({'GWA_LOW', 'ATT_LOW', 'LOW_SUBJECTS_2PLUS'})",frozenset({'AT_RISK'}),0.10245901639344263,0.24355971896955503,0.07523419203747073,0.7342857142857143,3.0148076923076927,1.0,0.05027930279878681,2.846818261942535,0.7445942824653982,0.27783783783783783,0.6487306501547988,0.5215899725274725
